﻿kategori,urun_adi,fiyat,urun_linki,resim_linki
giyim,Pamuklu Erkek Boxer,"249,95 TL",https://www.trendurunlermarket.com/pamuklu-erkek-boxer-TKU1505965/,https://image.monimore.com/UrunResim/ana/53E1F170-7C1C-4723-B205-C8302D87DA11.jpg
giyim,5'Li Pamuklu Erkek Boxer,"699,95 TL",https://www.trendurunlermarket.com/5li-pamuklu-erkek-boxer-TKU1506057/,https://image.monimore.com/UrunResim/ana/D9EA8056-CD07-49C0-8862-036271423F17.jpg
giyim,Porewer Detaylı Kapşonlu Kız Eşofman Tak,"890,00 TL",https://www.trendurunlermarket.com/porewer-detayli-kapsonlu-kiz-esofman-takimi-TKU752783/,https://image.monimore.com/UrunResim/ana/3F1C0C19-8491-4A06-B078-71551C539CE3.jpg
giyim,Desenli Viskon Gömlek Ve Etek Takım - Ye,"727,32 TL",https://www.trendurunlermarket.com/desenli-viskon-gomlek-ve-etek-takim---yesil-TKU1468085/,https://image.monimore.com/UrunResim/ana/415D9124-D8CB-4D9D-8E3D-98834CF473FD.jpg
giyim,Kadın Yeşil Kapşonlu Etek Ucu Detay Arma,"1039,01 TL",https://www.trendurunlermarket.com/kadin-yesil-kapsonlu-etek-ucu-detay-arma-ters-dikis-gorunumlu-ikili-takim-TKU1047989/,https://image.monimore.com/UrunResim/ana/2C1E6983-13A1-4EB2-92FE-CC184D285ED0.jpg
giyim,Baham Gri Unisex Şeffaf Mavi Işık Koruyu,"699,00 TL",https://www.trendurunlermarket.com/baham-gri-unisex-seffaf-mavi-isik-koruyucu-ekran-gozlugu48-21-145-orta-olcekte-ve-hafif-TKU1017271/,https://image.monimore.com/UrunResim/ana/DD2D7721-3E72-489B-9B29-BF978EE281B1.jpg
giyim,Year Renkli Cilt Topuklu Ayakkabi,"376,20 TL",https://www.trendurunlermarket.com/year-renkli-cilt-topuklu-ayakkabi-TKU1006941/,https://image.monimore.com/UrunResim/ana/5E9291DD-58F0-4FCF-904F-9EEBF68526A7.jpg
giyim,Crıstıano Erkek Eşofman Takımı Sarı Sıya,"780,00 TL",https://www.trendurunlermarket.com/cristiano-erkek-esofman-takimi-sari-siyah-mevsimlik--tuhfetower--TKU901194/,https://image.monimore.com/UrunResim/ana/508851F2-84D5-468D-85E6-B67DEDD1B9FC.jpg
giyim,Kadın Pedli Sporcu Sütyen,"249,95 TL",https://www.trendurunlermarket.com/kadin-pedli-sporcu-sutyen-TKU1505879/,https://image.monimore.com/UrunResim/ana/0BB16D16-61B1-4EEA-B399-3525B5BC542D.jpg
giyim,Mucy Siyah Süet Bot,"1034,55 TL",https://www.trendurunlermarket.com/mucy-siyah-suet-bot-TKU1306978/,https://image.monimore.com/UrunResim/ana/FAA5B3AB-6A9A-4646-8A65-50B511FEBCE3.jpg
giyim,2'Li Dantelli Yüksek Bel Brezilya Kesim,"249,95 TL",https://www.trendurunlermarket.com/2li-dantelli-yuksek-bel-brezilya-kesim-tanga-kadin-kulot-TKU1506022/,https://image.monimore.com/UrunResim/ana/CDBFB462-62F0-43C3-8264-84E9552EF2D8.jpg
giyim,Abby Bej Süet Bot,"1034,55 TL",https://www.trendurunlermarket.com/abby-bej-suet-bot-TKU1436544/,https://image.monimore.com/UrunResim/ana/4711DAA7-589E-4BCD-BE96-FFF2F9F66F0D.jpg
giyim,Vega Kristal Mavi Işık Korumalı Bilgisay,"699,00 TL",https://www.trendurunlermarket.com/vega-kristal-mavi-isik-korumali-bilgisayar-ve-ekran-gozlugu-TKU1017267/,https://image.monimore.com/UrunResim/ana/D52F9437-62AF-4E19-89EB-3000DE3B57AC.jpg
giyim,Gama Turna Siyah Unisex Şeffaf Mavi Işık,"699,00 TL",https://www.trendurunlermarket.com/gama-turna-siyah-unisex-seffaf-mavi-isik-koruyucu-ekran-gozlugu-49-21-145-hafif-TKU1017346/,https://image.monimore.com/UrunResim/ana/96993408-F81C-4288-A8FB-FC511AE22495.jpg
giyim,7'Li Dantelli Yüksek Bel Brezilya Kesim,"599,95 TL",https://www.trendurunlermarket.com/7li-dantelli-yuksek-bel-brezilya-kesim-tanga-kadin-kulot-TKU1505860/,https://image.monimore.com/UrunResim/ana/64AAD7F5-B107-4759-B154-A71B3109DF0A.jpg
giyim,Nool Yeşil Nubuk Terlik,"470,25 TL",https://www.trendurunlermarket.com/nool-yesil-nubuk-terlik-TKU1470411/,https://image.monimore.com/UrunResim/ana/14A2EF53-C5AC-41E0-9726-62CE21F84467.jpg
giyim,6687 Mont-Siyah,"1315,89 TL",https://www.trendurunlermarket.com/6687-mont-siyah-TKU1386318/,https://image.monimore.com/UrunResim/ana/D1E7C1EC-0464-4BF1-BCFF-B98EAF8CB3DC.jpg
giyim,6'Lı Pamuklu Baskılı Desenli Erkek Çocuk,"599,95 TL",https://www.trendurunlermarket.com/6li-pamuklu-baskili-desenli-erkek-cocuk-boxer-kulot-TKU1505954/,https://image.monimore.com/UrunResim/ana/4026F642-0FEA-4BAB-8920-38A9BEBA49B2.jpg
giyim,Siyah Atatürk Baskılı Tişört (29 Ekim) (,"515,00 TL",https://www.trendurunlermarket.com/siyah-ataturk-baskili-tisort-29-ekim-30-agustos-23-nisan-unisex-cocuk-4-mevsim-TKU496315/,https://image.monimore.com/UrunResim/ana/7A7D05D7-C87B-4FF4-8FA6-69088722D8B9.jpg
giyim,Mucy Taba Süet Bot,"1034,55 TL",https://www.trendurunlermarket.com/mucy-taba-suet-bot-TKU1306979/,https://image.monimore.com/UrunResim/ana/F0F6C538-7467-4BDC-8D19-E41EF31A6877.jpg
elektronik,Tripod Toolx P01 360,"1650,00 TL",https://www.trendurunlermarket.com/tripod-toolx-p01-360-TKU1203355/,https://image.monimore.com/UrunResim/ana/F7E60D78-6D61-46AA-81B3-6CF046A821A6.jpg
elektronik,3 Şarj Aleti 1 Arada Çinko Alaşım Hızlı,"121,31 TL",https://www.trendurunlermarket.com/3-sarj-aleti-1-arada-cinko-alasim-hizli-sarj-kablosu-turuncu-4172-TKU1278614/,https://image.monimore.com/UrunResim/ana/D4653090-B9BC-42D9-8BDF-93E83352781A.jpg
elektronik,3 Lü Şarj Kablo İphone+Mikro Usb+Type-C,"455,00 TL",https://www.trendurunlermarket.com/3-lu-sarj-kablo-iphonemikro-usbtype-c-TKU1501662/,https://image.monimore.com/UrunResim/ana/87BB573D-BE5A-4613-A596-37A9EA5C52AD.jpg
elektronik,Powerbank 10000 Mah Hediye 3'Lü Kablo,"690,00 TL",https://www.trendurunlermarket.com/powerbank-10000-mah-hediye-3lu-kablo-TKU1461331/,https://image.monimore.com/UrunResim/ana/7186CCD6-0EFA-43A8-876B-3EC9B5DB52E7.jpg
elektronik,İphone 11 Kılıf,"59,00 TL",https://www.trendurunlermarket.com/kilif-C3216/iveys/iphone-11-kilif-TKU904132/,https://image.monimore.com/UrunResim/ana/1B7DA7CA-A08D-42F7-8737-53437008B952.jpg
elektronik,Amigurumi Telefon Çantası,"700,00 TL",https://www.trendurunlermarket.com/amigurumi-telefon-cantasi--TKU1007550/,https://image.monimore.com/UrunResim/ana/05E63710-9406-4522-84DE-579BD0C0587C.jpg
elektronik,Bluetooth Kumandalı - Led Işıklı Yüz Ve,"2750,00 TL",https://www.trendurunlermarket.com/bluetooth-kumandali---led-isikli-yuz-ve-hareket-takibi-yapan-tripod-TKU1288625/,https://image.monimore.com/UrunResim/ana/5D5FF1FE-3157-4C7F-996B-B49555783C60.jpg
elektronik,Feraiz Xkt22 Kablosuz Bluetooth 5.4 Kula,"1960,00 TL",https://www.trendurunlermarket.com/feraiz-xkt22-kablosuz-bluetooth-5-4-kulakliklar-oyun-kulakici-serin-ucgen-tasarim-gamer-kulaklik-tw-TKU1461112/,https://image.monimore.com/UrunResim/ana/9460C1C3-548D-4E2C-B826-63660DBB09F3.jpg
elektronik,.Net Domain ( Alan Adı) Yeni Kayıt - Sür,"665,00 TL",https://www.trendurunlermarket.com/-net-domain--alan-adi-yeni-kayit---sure-uzatma---transfer-TKU620244/,https://image.monimore.com/UrunResim/ana/22AAA796-D1D9-48E4-85DE-A6BCFDF0B3D2.jpg
elektronik,Xiaomi / Mi / Redmi Uyumlu 67 W Şarj Ale,"308,70 TL",https://www.trendurunlermarket.com/xiaomi---mi---redmi-uyumlu-67-w-sarj-aleti-type-c-giris-100-sarj-cihazi-hizli-sarj-TKU1471320/,https://image.monimore.com/UrunResim/ana/9B3F7057-A263-47A3-B23A-9CBEE3203D21.jpg
elektronik,Usb Şarjlı 2İn1 Çekme - Üfleme Oto - Ara,"491,00 TL",https://www.trendurunlermarket.com/usb-sarjli-2in1-cekme---ufleme-oto---arac---ev-mini---tasinabilir-el-tipi-supurge-4172-TKU1517374/,https://image.monimore.com/UrunResim/ana/449AB55B-8B50-4651-8709-572FA249F3A8.jpg
elektronik,Sm-537 Usb Kırmızı 2.4Ghz Kablosuz Mouse,"423,05 TL",https://www.trendurunlermarket.com/sm-537-usb-kirmizi-2-4ghz-kablosuz-mouse-TKU1030252/,https://image.monimore.com/UrunResim/ana/0FE08EED-DA7D-4392-AF47-FD266FC00102.jpg
elektronik,Protector (Koruyucu),"5000,00 TL",https://www.trendurunlermarket.com/protector-koruyucu-TKU1337897/,https://image.monimore.com/UrunResim/ana/D6887152-5169-4983-9757-090264DD7B54.jpg
elektronik,Tripod 3 Ayaklı  210Cm,"699,00 TL",https://www.trendurunlermarket.com/tripod-3-ayakli--210cm-TKU1395131/,https://image.monimore.com/UrunResim/ana/0B38FD37-905A-4EE2-88AE-A9D75929FD9E.jpg
elektronik,Basmalı - Büyük El Rondosu Doğrayıcı Mor,"356,67 TL",https://www.trendurunlermarket.com/basmali---buyuk-el-rondosu-dograyici-morenica-serisi-4172-TKU1279649/,https://image.monimore.com/UrunResim/ana/01E2871E-2B07-49AC-BC3D-70F9A4DD3259.jpg
elektronik,.Com Domain Süre Uzatma/Yenileme/ Transf,"702,27 TL",https://www.trendurunlermarket.com/-com-domain-sure-uzatma-yenileme--transfer-TKU686900/,https://image.monimore.com/UrunResim/ana/793B4D27-A595-4106-8736-D84EA73087FD.jpg
elektronik,Everest Kb-G7-Armor  Usb Kablolu  Oyuncu,"482,07 TL",https://www.trendurunlermarket.com/everest-kb-g7-armor--usb-kablolu--oyuncu-klavye--renkli-oyun-tuslari---multimedya-tuslari---150cm-4-TKU1487289/,https://image.monimore.com/UrunResim/ana/6F452D0B-AB8F-4307-8227-3C93291BAD08.jpg
elektronik,Masaüstü Telefon Standı 360 Derece Döneb,"198,53 TL",https://www.trendurunlermarket.com/masaustu-telefon-standi-360-derece-donebilen-baslikli-ayakli-telefon-tripodu-4172-TKU1563072/,https://image.monimore.com/UrunResim/ana/9CAF0B1B-66FB-4529-BCD8-67D41B03F9BE.jpg
elektronik,Eversky Tezgah Üstü Su Arıtma Cihazı,"6500,00 TL",https://www.trendurunlermarket.com/eversky-tezgah-ustu-su-aritma-cihazi-TKU888258/,https://image.monimore.com/UrunResim/ana/EDDA1998-2F97-497F-8BB9-ECE2854449D0.jpg
elektronik,120W Usb Hızlı Type C Uçlu Kablolu Şarj,"639,71 TL",https://www.trendurunlermarket.com/120w-usb-hizli-type-c-uclu-kablolu-sarj-aleti-4172-TKU1395713/,https://image.monimore.com/UrunResim/ana/ABE9E307-0285-4C18-A036-E18FFA53DD17.jpg
ev_yasam,Bayhekim Macun Kara Çam Kozalak Macunu,"450,00 TL",https://www.trendurunlermarket.com/bayhekim-macun-kara-cam-kozalak-macunu--240-gr-TKU1382618/,https://image.monimore.com/UrunResim/ana/AD315006-4CB3-4A0B-B83C-FA65B05D19CE.jpg
ev_yasam,Alya Mineral  Set-2,"3500,00 TL",https://www.trendurunlermarket.com/alya-mineral--set-2-TKU1449261/,https://image.monimore.com/UrunResim/ana/2D839C88-7E66-4056-AC25-BA13FA2D2EE5.jpg
ev_yasam,Demirciköy Haşhaşlı Gödek,"200,00 TL",https://www.trendurunlermarket.com/demircikoy-hashasli-godek-TKU483544/,https://image.monimore.com/UrunResim/ana/CF80E578-63C8-481F-8791-EC76B675B783.jpg
ev_yasam,Demirciköy Çiftlik Trilye Zeytin (Orta B,"290,00 TL",https://www.trendurunlermarket.com/demircikoy-ciftlik-trilye-zeytin-orta-boy-1000-gr-TKU483633/,https://image.monimore.com/UrunResim/ana/9F2727AF-947E-44E1-A56D-EB4B04E7DD46.jpg
ev_yasam,Simav Kestanesi Orta Boy-1000 Gram,"280,00 TL",https://www.trendurunlermarket.com/simav-kestanesi-orta-boy-1000-gram-TKU763998/,https://image.monimore.com/UrunResim/ana/E1A848C4-C324-4F5F-A78D-1EA69E190621.jpg
ev_yasam,Mediclay Sıvı Çamaşır Deterjanı 4 Litre,"720,00 TL",https://www.trendurunlermarket.com/mediclay-sivi-camasir-deterjani-4-litre-yeni-TKU980248/,https://image.monimore.com/UrunResim/ana/A7767639-CB3C-4D15-8FF8-1E980B99C78A.jpg
ev_yasam,Demirciköy Çiftlik Simav Yarım Yağlı Bey,"270,00 TL",https://www.trendurunlermarket.com/demircikoy-ciftlik-simav-yarim-yagli-beyaz-peynir-1000-gr-koy-peyniri-TKU483882/,https://image.monimore.com/UrunResim/ana/21D6F209-D9CB-48DB-8DA1-2515F40C5345.jpg
ev_yasam,Roselcim Ev Yapımı Doğal Gül Reçeli 400,"220,00 TL",https://www.trendurunlermarket.com/roselcim-ev-yapimi-dogal-gul-receli-400-gr-TKU296728/,https://image.monimore.com/UrunResim/ana/B5543EE7-5C15-4E09-81D3-76A0289DC246.jpg
ev_yasam,Demirciköy Çiftlik Simav Kestanesi Duble,"480,00 TL",https://www.trendurunlermarket.com/demircikoy-ciftlik-simav-kestanesi-duble-boy-1000-gr-TKU763999/,https://image.monimore.com/UrunResim/ana/3BF16E24-D9BD-462E-80A5-3CA8994EB3A5.jpg
ev_yasam,Demirciköy Çiftlik Simav Karaoğlan Kahve,"148,00 TL",https://www.trendurunlermarket.com/demircikoy-ciftlik-simav-karaoglan-kahve-100-gr-TKU512711/,https://image.monimore.com/UrunResim/ana/90753862-049A-4823-8470-F2BD124AED03.jpg
ev_yasam,Ev Yapımı Domates Salçası,"125,00 TL",https://www.trendurunlermarket.com/ev-yapimi-domates-salcasi--TKU445155/,https://image.monimore.com/UrunResim/ana/03C115DD-1F8D-494B-8031-A98013E6631F.jpg
ev_yasam,Demirciköy Çiftlik (Simav) Kestanesi 100,"400,00 TL",https://www.trendurunlermarket.com/demircikoy-ciftlik-simav-kestanesi-1000-gr-iri-boy-TKU887962/,https://image.monimore.com/UrunResim/ana/9620D819-2D74-4779-BF0E-E967DBC03396.jpg
ev_yasam,Benimpropam Chc Comfort 115 Ocak Fırın A,"1560,25 TL",https://www.trendurunlermarket.com/benimpropam-chc-comfort-115-ocak-firin-aspirator-temizleyici-1-lt--500-ml-hediyeli--TKU42050/,https://image.monimore.com/UrunResim/ana/E1050C73-C938-4CA2-9106-B1A2A882BE84.jpg
ev_yasam,Demirciköy Çiftlik Doğal Köy Tarhana 100,"280,00 TL",https://www.trendurunlermarket.com/demircikoy-ciftlik-dogal-koy-tarhana-1000-grtatli-TKU511326/,https://image.monimore.com/UrunResim/ana/15311698-DE4C-4A2C-B36C-D7AE13349733.jpg
ev_yasam,Demirciköy Çiftlik Simav Yarım Yağlı Bey,"150,00 TL",https://www.trendurunlermarket.com/demircikoy-ciftlik-simav-yarim-yagli-beyaz-peynirkoy-peyniri-500-gr-TKU483881/,https://image.monimore.com/UrunResim/ana/55F0E5B4-4A0B-4063-BF06-FC528A5CA594.jpg
ev_yasam,Alya Mineral Set-3,"7000,00 TL",https://www.trendurunlermarket.com/alya-mineral-set-3-TKU1449262/,https://image.monimore.com/UrunResim/ana/E9530A72-5EE4-4B6E-9039-E6F511FF0BF0.jpg
ev_yasam,Roselcim Çifte Kavrulmuş Gül Lokumu 250,"115,00 TL",https://www.trendurunlermarket.com/roselcim-cifte-kavrulmus-gul-lokumu-250-gr-TKU900894/,https://image.monimore.com/UrunResim/ana/CCC99F70-B13A-4D57-9803-74431B944CE0.jpg
ev_yasam,Benimpropam Chc Comfort 114 Ocak Fırın A,"429,90 TL",https://www.trendurunlermarket.com/benimpropam-chc-comfort-114-ocak-firin-aspirator-temizleyici-500-ml-TKU42049/,https://image.monimore.com/UrunResim/ana/73A83F3F-5DDF-4D22-8AAE-2C2F4843FF3B.jpg
ev_yasam,Roselcim Doğal Fermente Gül Sirkesi 500,"360,00 TL",https://www.trendurunlermarket.com/roselcim-dogal-fermente-gul-sirkesi-500-ml-TKU319262/,https://image.monimore.com/UrunResim/ana/3CE71CEB-4853-4C05-82B3-573832E5A3F6.jpg
ev_yasam,Demirciköy Çiftlik Hakiki Erzurum Yayla,"380,00 TL",https://www.trendurunlermarket.com/demircikoy-ciftlik-hakiki-erzurum-yayla-suzme-bali-850-900-gr-TKU483676/,https://image.monimore.com/UrunResim/ana/85852155-5330-42E0-BD27-54DBEEE1BB62.jpg
anne_bebek,Sema Baby 3'Lü Desenli Lüks Alistirma Kü,"579,99 TL",https://www.trendurunlermarket.com/sema-baby-3lu-desenli-luks-alistirma-kulodu-no-2-15-20-kg---cars-TKU1018270/,https://image.monimore.com/UrunResim/ana/C4FE506E-4546-48B8-ACCC-A55D4DA79DD5.jpg
anne_bebek,Sema Baby Teyzesi'nin Kuzusu Kisa Kol Bo,"85,99 TL",https://www.trendurunlermarket.com/sema-baby-teyzesinin-kuzusu-kisa-kol-body-0-3-ay--TKU1018208/,https://image.monimore.com/UrunResim/ana/915DA178-D1D3-448C-8C49-3C834AE34508.jpg
anne_bebek,Sema Baby Emzirme Sütyeni Beyaz 95 Bede,"199,99 TL",https://www.trendurunlermarket.com/-sema-baby-emzirme-sutyeni-beyaz-95-beden-TKU1018199/,https://image.monimore.com/UrunResim/ana/12D94D5A-FD79-488D-AE6C-CE08F4A791A4.jpg
anne_bebek,Sema Baby Sevi Sevimli Alt Açma Minderi,"350,99 TL",https://www.trendurunlermarket.com/sema-baby-sevi-sevimli-alt-acma-minderi---pembe-TKU1018483/,https://image.monimore.com/UrunResim/ana/D0F334DD-5134-4779-BBA5-03B1658051EC.jpg
anne_bebek,Philips Avent Natural Response Pp Yenido,"2153,99 TL",https://www.trendurunlermarket.com/philips-avent-natural-response-pp-yenidogan-hediye-seti-scd837-12-TKU1069114/,https://image.monimore.com/UrunResim/ana/F64DD106-73F8-4D71-BD72-D55A68B1C4AA.jpg
anne_bebek,Sema Baby Teyzesi'nin Kuzusu Kisa Kol Bo,"85,99 TL",https://www.trendurunlermarket.com/sema-baby-teyzesinin-kuzusu-kisa-kol-body-3-6-ay-TKU1018209/,https://image.monimore.com/UrunResim/ana/24EE778D-D5C8-47C2-B03F-28E7D96ED102.jpg
anne_bebek,Baven Probiyotikli  Bebeklere Özel Çamaş,"680,00 TL",https://www.trendurunlermarket.com/baven-probiyotikli--bebeklere-ozel-camasir-jeli-2-litre-TKU912917/,https://image.monimore.com/UrunResim/ana/8552190F-2F59-4DCC-AA7B-A5BD40778944.jpg
anne_bebek,Philips Avent Ultra Soft Yumuşak 2Li Emz,"548,99 TL",https://www.trendurunlermarket.com/philips-avent-ultra-soft-yumusak-2li-emzik-0-6-ay---scf091-07-TKU1202927/,https://image.monimore.com/UrunResim/ana/0DF8AC3F-53DB-427D-B774-12F543A31F75.jpg
anne_bebek,Benimpropam Vücut Yağı 200 Ml,"518,70 TL",https://www.trendurunlermarket.com/benimpropam-vucut-yagi-200-ml-TKU41755/,https://image.monimore.com/UrunResim/ana/27A5BF8F-0E8C-4FA3-B769-EDC6EC28594B.jpg
anne_bebek,Baven Probiyotikli Bebek Bakım Seti Üçlü,"1069,00 TL",https://www.trendurunlermarket.com/baven-probiyotikli-bebek-bakim-seti-uclu-TKU912920/,https://image.monimore.com/UrunResim/ana/3FC6C066-1ED2-4395-B7C0-FC67150B2CFD.jpg
anne_bebek,Gülçeyiz - Ayıcıklı Bebek Battaniyesi,"150,00 TL",https://www.trendurunlermarket.com/battaniye/htc/gulceyiz---ayicikli-bebek-battaniyesi-TKU890113/,https://image.monimore.com/UrunResim/ana/93DF7BC2-3438-4E2A-9236-50846724406C.jpg
anne_bebek,Benimpropam Bebek Yağı 200 Ml,"518,70 TL",https://www.trendurunlermarket.com/benimpropam-bebek-yagi-200-ml-TKU41757/,https://image.monimore.com/UrunResim/ana/5147DA05-6808-4AA2-B5BB-56A364780B44.jpg
anne_bebek,Sema Baby Çok Amaçli Emzirme Örtüsü - Pe,"114,29 TL",https://www.trendurunlermarket.com/sema-baby-cok-amacli-emzirme-ortusu---pembe-yildiz-TKU1021871/,https://image.monimore.com/UrunResim/ana/7F0FC51F-A246-4BBB-A57F-CEE952FDAD60.jpg
anne_bebek,Proser Bitkisel Doğal  Şurup ( 128 Gr),"2300,00 TL",https://www.trendurunlermarket.com/proser-bitkisel-dogal--surup--128-gr-TKU953739/,https://image.monimore.com/UrunResim/ana/DF792D49-22DA-4FAA-9F83-905B297958B3.jpg
anne_bebek,Sur Dantel Ince Askılı Atlet Şort Kadın,"399,95 TL",https://www.trendurunlermarket.com/sur-dantel-ince-askili-atlet-sort-kadin-pijama-takim-TKU1505839/,https://image.monimore.com/UrunResim/ana/ECF38DDB-ADB3-4A15-A88C-345DAEDFFC5E.jpg
anne_bebek,Sema Baby Silikonlu Toparlayici Korse -,"128,99 TL",https://www.trendurunlermarket.com/sema-baby-silikonlu-toparlayici-korse---siyah-small-TKU1021643/,https://image.monimore.com/UrunResim/ana/789B1612-83F7-4402-B874-60E9B3E3BDD7.jpg
anne_bebek,Bayhekim Ekstre Candikids Çocuklara Özel,"1500,00 TL",https://www.trendurunlermarket.com/bayhekim-ekstre-candikids-cocuklara-ozel--bitki-ekstreli-ve-sivi-bentonitli--icecek-250-ml--TKU1439310/,https://image.monimore.com/UrunResim/ana/66578A6E-AB0A-4231-89AD-E16E844282AE.jpg
anne_bebek,Philips Avent Natural Response Cam Biber,"959,99 TL",https://www.trendurunlermarket.com/philips-avent-natural-response-cam-biberon-1-ay-240-ml-tepkili-biberon-emzigi-scy933-01-TKU1019537/,https://image.monimore.com/UrunResim/ana/C6DFDA5B-9AE8-4DBA-AEEA-6D24D406A2AE.jpg
anne_bebek,Philips Avent Ultra Air Animals 2Li Emzi,"517,99 TL",https://www.trendurunlermarket.com/philips-avent-ultra-air-animals-2li-emzik-0-6-ay---kiz-TKU1018405/,https://image.monimore.com/UrunResim/ana/D61CE8E4-279F-4C69-BBC1-2C05FE31F321.jpg
anne_bebek,Benimpropam Pişik Kremi 100 Ml,"429,90 TL",https://www.trendurunlermarket.com/benimpropam-pisik-kremi-100-ml-TKU64871/,https://image.monimore.com/UrunResim/ana/926856FF-F656-4E59-B218-90A836183F61.jpg
kozmetik_bakim,My Guard - More Affinity Doğal Diş Macun,"450,00 TL",https://www.trendurunlermarket.com/my-guard---more-affinity-dogal-dis-macunu-TKU458922/,https://image.monimore.com/UrunResim/ana/EFA42F80-DBF4-483C-BF29-26D096916772.jpg
kozmetik_bakim,My Dewa Multi Vital Avantaj Paketi,"2500,00 TL",https://www.trendurunlermarket.com/my-dewa-multi-vital-avantaj-paketi--TKU1461435/,https://image.monimore.com/UrunResim/ana/2130005D-115E-45F4-8097-FB9CD7AF70F1.jpg
kozmetik_bakim,Devedikeni Enginar Ekstresi Ve Bentonit,"700,00 TL",https://www.trendurunlermarket.com/devedikeni-enginar-ekstresi-ve-bentonit-TKU981949/,https://image.monimore.com/UrunResim/ana/E81FF09E-8BEA-4060-89DC-CCFCA7E9BC7D.jpg
kozmetik_bakim,Dr.M Healing Soğuk Sıkım  Çörek Otu Yağı,"1000,00 TL",https://www.trendurunlermarket.com/dr-m-healing-soguk-sikim--corek-otu-yagi--TKU1174881/,https://image.monimore.com/UrunResim/ana/A5C6ADCF-BDAD-46A2-8BBC-98F38EA21C7E.jpg
kozmetik_bakim,My Guard Kekik Ve Zencefil Ektresi İçere,"500,00 TL",https://www.trendurunlermarket.com/my-guard-kekik-ve-zencefil-ektresi-iceren-takviye-edici-pastil-24lu-TKU447197/,https://image.monimore.com/UrunResim/ana/12556D43-3586-465B-B5E6-6043D88B2903.jpg
kozmetik_bakim,Mediclay Peloid Vücut Terapisi 1000 Ml,"595,00 TL",https://www.trendurunlermarket.com/mediclay-peloid-vucut-terapisi-1000-ml-TKU994360/,https://image.monimore.com/UrunResim/ana/D0E24FE2-3869-4625-B858-49DFBA284415.jpg
kozmetik_bakim,Medera Butyera 60 Kapsül,"990,00 TL",https://www.trendurunlermarket.com/medera-butyera-60-kapsul-TKU1472016/,https://image.monimore.com/UrunResim/ana/4791ED24-1624-4120-940A-2C3D0638A98A.jpg
kozmetik_bakim,Miros Laxa,"1950,00 TL",https://www.trendurunlermarket.com/miros-laxa-TKU1450209/,https://image.monimore.com/UrunResim/ana/75DBBC3D-F7DA-4D54-8746-E11A551FD427.jpg
kozmetik_bakim,Glutatyon Bentonit,"845,00 TL",https://www.trendurunlermarket.com/glutatyon-bentonit-TKU981946/,https://image.monimore.com/UrunResim/ana/29F33988-6D19-4EA2-9D8E-61E6064845BE.jpg
kozmetik_bakim,4+2 Set,"4745,00 TL",https://www.trendurunlermarket.com/42-set-TKU1006299/,https://image.monimore.com/UrunResim/ana/3F3E3935-B5DE-4440-88F3-2686D9568A0E.jpg
kozmetik_bakim,Medera Butyera 180 Kapsül Avantajlı Pake,"2580,00 TL",https://www.trendurunlermarket.com/medera-butyera-180-kapsul-avantajli-paket-TKU1485224/,https://image.monimore.com/UrunResim/ana/ED462F6D-3578-42D4-9047-CC3C06E540FB.jpg
kozmetik_bakim,Sole Sağlık Mini Su Canlandırma Seti (1,"1200,00 TL",https://www.trendurunlermarket.com/sole-saglik-mini-su-canlandirma-seti-1-adet-mini-canlandirma-tablasi-1-adet-alkamine-ph-damla-TKU935220/,https://image.monimore.com/UrunResim/ana/DCBA23DC-EEB9-4D19-9F27-7989ABA90442.jpg
kozmetik_bakim,Sole Sağlık Maxi Su Canlandırma Seti (1,"2700,00 TL",https://www.trendurunlermarket.com/sole-saglik-maxi-su-canlandirma-seti-1-buyuk-tabla-1-mini-tabla-2-alkamine-ph-damla-TKU969833/,https://image.monimore.com/UrunResim/ana/687BC0E7-7F92-4C77-A399-00875D7595BA.jpg
kozmetik_bakim,My Dewa D3-K2 Kremi - 150 Gr,"1600,00 TL",https://www.trendurunlermarket.com/my-dewa-d3-k2-kremi---150-gr-TKU1094026/,https://image.monimore.com/UrunResim/ana/CB1473B3-E5E3-4D33-B4BD-6C44A677D3F6.jpg
kozmetik_bakim,Benimpropam Sıkılaştırıcı Krem 100 Ml,"2074,80 TL",https://www.trendurunlermarket.com/benimpropam-sikilastirici-krem-100-ml-TKU41951/,https://image.monimore.com/UrunResim/ana/559C357C-1145-4DDB-806A-ACCAC3F4B1BD.jpg
kozmetik_bakim,L'rouge Otc Dentax Propolis Mouth Spray,"253,96 TL",https://www.trendurunlermarket.com/lrouge-otc-dentax-propolis-mouth-spray--agiz-spreyi-30-ml-TKU41836/,https://image.monimore.com/UrunResim/ana/E6545A93-1A74-43D2-A802-52B7B80A1BCD.jpg
kozmetik_bakim,Mediclay Peloid Ayak Ve Banyo Terapisi 1,"595,00 TL",https://www.trendurunlermarket.com/mediclay-peloid-ayak-ve-banyo-terapisi-1000-ml-TKU994361/,https://image.monimore.com/UrunResim/ana/A10A64E9-D4A5-4F78-A381-6104C0E4A3D7.jpg
kozmetik_bakim,3 Adet Mürrisafi İçeren Şurup,"4500,00 TL",https://www.trendurunlermarket.com/3-adet-murrisafi-iceren-surup--TKU1416790/,https://image.monimore.com/UrunResim/ana/BE490A7A-D63C-456A-8C37-7D98D570E966.jpg
kozmetik_bakim,Dr.M Healing Murrisafi İçeren Şurup Takv,"7500,00 TL",https://www.trendurunlermarket.com/dr-m-healing-murrisafi-iceren-surup-takviye-edici-gida-5-kutuya-1-kutu-hediye-TKU1177692/,https://image.monimore.com/UrunResim/ana/2BE92DE0-9F9D-4274-997E-410CE2D72AE9.jpg
kozmetik_bakim,Besttem Dabgam Bitkisel Karışım,"1273,00 TL",https://www.trendurunlermarket.com/besttem-dabgam-bitkisel-karisim-TKU912019/,https://image.monimore.com/UrunResim/ana/E215C86F-8CED-4E98-ADD6-3FE13267265A.jpg
mucevher_saat,Yedi Çakra Bilekliği – Enerji Dengesini,"449,90 TL",https://www.trendurunlermarket.com/yedi-cakra-bilekligi-–-enerji-dengesini-saglamaya-yardimci-dogal-tas-bileklik-TKU1460822/,https://image.monimore.com/UrunResim/ana/CB633E5D-E67E-4527-9A38-106523EA270E.jpg
mucevher_saat,Nuray Tanin Sayı Sekansı Bileklikleri,"349,00 TL",https://www.trendurunlermarket.com/nuray-tanin-sayi-sekansi-bileklikleri-TKU886794/,https://image.monimore.com/UrunResim/ana/5BB16AE8-B53F-4D5D-8695-0101677C6D55.jpg
mucevher_saat,Florit Zihin Ve Odak Bilekliği,"449,90 TL",https://www.trendurunlermarket.com/florit-zihin-ve-odak-bilekligi-TKU1566329/,https://image.monimore.com/UrunResim/ana/545568CA-3D0F-4015-BBF9-63871E7B735B.jpg
mucevher_saat,Anksiyete Bilekliği – Duygusal Denge Ve,"449,90 TL",https://www.trendurunlermarket.com/anksiyete-bilekligi-–-duygusal-denge-ve-huzura-destek-dogal-tas-bileklik-TKU1460821/,https://image.monimore.com/UrunResim/ana/365B7B6A-5ED5-400F-AA39-EFA08B535E6C.jpg
mucevher_saat,Yeşim Şans Ve Bereket Bilekliği,"449,90 TL",https://www.trendurunlermarket.com/yesim-sans-ve-bereket-bilekligi-TKU1566343/,https://image.monimore.com/UrunResim/ana/BC44EC88-821A-4F86-9478-DDF4B0E82E96.jpg
mucevher_saat,"Yeşim Taşı Jade Roller – Cilt Bakımı, Ca","449,90 TL",https://www.trendurunlermarket.com/yesim-tasi-jade-roller-–-cilt-bakimi-canlandirma-ve-rahatlama-TKU1461347/,https://image.monimore.com/UrunResim/ana/D8AD8C84-EED5-49D2-ACEC-32D3452C8036.jpg
mucevher_saat,Para Bilekliği – Bolluk Ve Bereket Enerj,"449,90 TL",https://www.trendurunlermarket.com/para-bilekligi-–-bolluk-ve-bereket-enerjisine-destek-dogal-tas-bileklik-TKU1460820/,https://image.monimore.com/UrunResim/ana/EA0CF1AD-F08A-43B1-9C05-9186D6272396.jpg
mucevher_saat,Göz Sağlığı Bilekliği,"740,00 TL",https://www.trendurunlermarket.com/goz-sagligi-bilekligi-TKU1121886/,https://image.monimore.com/UrunResim/ana/2E98F960-264E-44C7-912C-27BCF8F2D721.jpg
mucevher_saat,Amigurumi Anahtarlık El Örgü Hediyelik,"125,00 TL",https://www.trendurunlermarket.com/amigurumi-anahtarlik-el-orgu-hediyelik-TKU981871/,https://image.monimore.com/UrunResim/ana/E075E489-7411-4903-A6B1-93CB1663CDAD.jpg
mucevher_saat,Lapis Lazuli Bilgelik Ve İletişim Bilekl,"449,90 TL",https://www.trendurunlermarket.com/lapis-lazuli-bilgelik-ve-iletisim-bilekligi-TKU1566336/,https://image.monimore.com/UrunResim/ana/D8552EC9-C496-483C-B622-615B33012A4D.jpg
mucevher_saat,Ametist Huzur Ve Denge Bilekliği,"449,90 TL",https://www.trendurunlermarket.com/ametist-huzur-ve-denge-bilekligi-TKU1566324/,https://image.monimore.com/UrunResim/ana/A6FCC766-8448-4ABD-AD50-5AE5F71BAA2D.jpg
mucevher_saat,Hematit Ve Akik Doğal Taşlı Bileklik (Er,"174,00 TL",https://www.trendurunlermarket.com/hematit-ve-akik-dogal-tasli-bileklik-erkek-cocuk-TKU1418392/,https://image.monimore.com/UrunResim/ana/31D5AB7B-416F-4F9A-9866-B0E129A5E6E7.jpg
mucevher_saat,Obsidyen Koruma Ve Arınma Bilekliği,"449,90 TL",https://www.trendurunlermarket.com/obsidyen-koruma-ve-arinma-bilekligi-TKU1566338/,https://image.monimore.com/UrunResim/ana/891B51C5-5127-46EA-8CB7-06E8B123D884.jpg
mucevher_saat,"Yeşim Bilekliği – Dinginlik, Uyum Ve Şif","449,90 TL",https://www.trendurunlermarket.com/yesim-bilekligi-–-dinginlik-uyum-ve-sifa-bir-arada-TKU1540361/,https://image.monimore.com/UrunResim/ana/0B1239F6-9027-4626-BC86-495D64D8938B.jpg
mucevher_saat,Pembe Kuvars Bilekliği – Kalbine Şefkat,"449,90 TL",https://www.trendurunlermarket.com/pembe-kuvars-bilekligi-–-kalbine-sefkat-kat-TKU1540362/,https://image.monimore.com/UrunResim/ana/AF17B3ED-DBC4-4128-A77B-EB387FE791BD.jpg
mucevher_saat,Öğrenci Bilekliği – Odaklanma Ve Başarıy,"449,90 TL",https://www.trendurunlermarket.com/ogrenci-bilekligi-–-odaklanma-ve-basariya-yardimci-dogal-tas-bileklik-TKU1460232/,https://image.monimore.com/UrunResim/ana/F96E54E1-346D-4F82-8EBC-5C46DDD7E044.jpg
mucevher_saat,Nuray Tanin Sayı Sekansı Anahtarlıkları,"349,00 TL",https://www.trendurunlermarket.com/nuray-tanin-sayi-sekansi-anahtarliklari-TKU888311/,https://image.monimore.com/UrunResim/ana/D7DD37B8-6C3D-4EBB-8E31-ED7138D1F0C2.jpg
mucevher_saat,Kaplan Gözü Koruma Ve Cesaret Bilekliği,"449,90 TL",https://www.trendurunlermarket.com/kaplan-gozu-koruma-ve-cesaret-bilekligi-TKU1566332/,https://image.monimore.com/UrunResim/ana/BDF23206-3A46-4DE3-9788-6178394BEBA9.jpg
mucevher_saat,Akrep Burcu Bileklik,"650,00 TL",https://www.trendurunlermarket.com/akrep-burcu-bileklik--TKU1121665/,https://image.monimore.com/UrunResim/ana/F65582AC-1A3E-423F-A84B-90916C28CBB5.jpg
mucevher_saat,Kaplan Gözü Taşı Bileklik (Erkek Çocuk),"174,00 TL",https://www.trendurunlermarket.com/kaplan-gozu-tasi-bileklik-erkek-cocuk-TKU1418390/,https://image.monimore.com/UrunResim/ana/43A27399-5D83-4F83-9AB5-7F0F15FD2F77.jpg
spor_outdoor,My Dewa Magnesium Oil Avantaj Paketi,"2300,00 TL",https://www.trendurunlermarket.com/my-dewa-magnesium-oil-avantaj-paketi-TKU1500597/,https://image.monimore.com/UrunResim/ana/C973A9B7-E884-4B82-851D-4176020A692D.jpg
spor_outdoor,Balen Sıvı Propolis Ekstraktı - 30 Ml,"230,00 TL",https://www.trendurunlermarket.com/balen-sivi-propolis-ekstrakti---30-ml-TKU951107/,https://image.monimore.com/UrunResim/ana/30CE883F-DDE1-4CAE-8149-3CF2813A4998.jpg
spor_outdoor,My Dewa Demir Çinko Jel Serum,"1500,00 TL",https://www.trendurunlermarket.com/my-dewa-demir-cinko-jel-serum-TKU1562390/,https://image.monimore.com/UrunResim/ana/D74D23D7-CBA9-4BA7-9BC6-A82B70E6FB86.jpg
spor_outdoor,Vitamin D3 Yumuşak Kapsül 450 Mg - 60,"252,00 TL",https://www.trendurunlermarket.com/vitamin-d3-yumusak-kapsul-450-mg---60-TKU978792/,https://image.monimore.com/UrunResim/ana/EC00DAC2-C3F3-46AA-9640-D6D9D3727414.jpg
spor_outdoor,Herbalife Nutrıtıon Shop  Bitkisel Konsa,"1450,00 TL",https://www.trendurunlermarket.com/herbalife-nutrition-shop--bitkisel-konsantre-cay-bitkisel-konsantre-cay-klasik-100g--TKU525112/,https://image.monimore.com/UrunResim/ana/DE2080C6-AA63-44CB-82ED-9A7EDE1FDA0B.jpg
spor_outdoor,My Dewa Sıvı Siyah Sarımsak Ekstraktı Av,"2500,00 TL",https://www.trendurunlermarket.com/my-dewa-sivi-siyah-sarimsak-ekstrakti-avantaj-paketi--TKU1461431/,https://image.monimore.com/UrunResim/ana/65F3550E-7FE2-4E3E-9B03-42E08ED55394.jpg
spor_outdoor,Herbalife Nutrıtıon Shop  Herbalifeline®,"879,69 TL",https://www.trendurunlermarket.com/herbalife-nutrition-shop--herbalifeline®-max-TKU620214/,https://image.monimore.com/UrunResim/ana/22CBD942-F33D-43C8-8402-1D419B6DEA29.jpg
spor_outdoor,Balen Mag 3 Magnezyum Sitrat & Bisglisin,"380,00 TL",https://www.trendurunlermarket.com/balen-mag-3-magnezyum-sitrat--bisglisinat--malat-679-mg---60-kapsul-TKU978794/,https://image.monimore.com/UrunResim/ana/972AED23-2D0D-4D6B-8BFC-81DDCA87DB50.jpg
spor_outdoor,My Dewa Kas Ve Kıkırdak Destek Paketi,"2250,00 TL",https://www.trendurunlermarket.com/my-dewa-kas-ve-kikirdak-destek-paketi-TKU1561206/,https://image.monimore.com/UrunResim/ana/12AAE8EB-6AA9-44B2-922E-158F884F0A9E.jpg
spor_outdoor,My Dewa Carborane Avantaj Paketi,"2200,00 TL",https://www.trendurunlermarket.com/my-dewa-carborane-avantaj-paketi--TKU1461432/,https://image.monimore.com/UrunResim/ana/4C223183-6809-43EF-B674-965ED196737F.jpg
spor_outdoor,Balen Optimac Gözotu Ekstraktı Ve Vitami,"535,00 TL",https://www.trendurunlermarket.com/balen-optimac-gozotu-ekstrakti-ve-vitamin-iceren-kapsul-630-mg---60-kapsul-TKU953816/,https://image.monimore.com/UrunResim/ana/1CB07612-8145-4AA7-93F5-EB2B10230EC3.jpg
spor_outdoor,My Dewa Casi-Bor,"1300,00 TL",https://www.trendurunlermarket.com/my-dewa-casi-bor-TKU1520514/,https://image.monimore.com/UrunResim/ana/F6A49718-5EE7-46D2-98FB-D91389C41A9D.jpg
spor_outdoor,"Balen Omega 3,6,9 Soft Yağ Asitleri İçer","332,00 TL",https://www.trendurunlermarket.com/balen-omega-369-soft-yag-asitleri-iceren-yumusak-kapsul-1380-mg---100-kapsul-TKU953820/,https://image.monimore.com/UrunResim/ana/5B60CC78-5B4D-46CB-9DF2-6C125D230173.jpg
spor_outdoor,My Dewa Ağır Metal & Toksin Temizliği Öz,"3750,00 TL",https://www.trendurunlermarket.com/my-dewa-agir-metal--toksin-temizligi-ozel-paket-TKU1538172/,https://image.monimore.com/UrunResim/ana/287133D2-CC44-499A-9D7E-F5E1CF4FA3FF.jpg
spor_outdoor,Borken Complex 124 - Bor Ve Kenevir Tohu,"1600,00 TL",https://www.trendurunlermarket.com/borken-complex-124---bor-ve-kenevir-tohumu-yagi-iceren-takviye-edici-gida-TKU1179086/,https://image.monimore.com/UrunResim/ana/5DA54089-E8CA-4AB6-81DA-FA7CE0FBA40E.jpg
spor_outdoor,Herbalife Nutrıtıon Shop  Besleyici Shak,"1060,00 TL",https://www.trendurunlermarket.com/herbalife-nutrition-shop--besleyici-shake-karisimi-formul-1-cikolata-550g--TKU683332/,https://image.monimore.com/UrunResim/ana/C39B202F-9A0C-4FA1-A3B9-A404A887C70A.jpg
spor_outdoor,My Dewa İnti-Bor Bor İlaveli El&Ayak Bak,"1250,00 TL",https://www.trendurunlermarket.com/my-dewa-inti-bor-bor-ilaveli-elayak-bakim-spreyi--TKU1563624/,https://image.monimore.com/UrunResim/ana/8E38CCD7-3462-41CC-AF39-C8C3606821AF.jpg
spor_outdoor,My Dewa Poll-D Bor Avantaj Paketi,"2000,00 TL",https://www.trendurunlermarket.com/my-dewa-poll-d-bor-avantaj-paketi--TKU1461433/,https://image.monimore.com/UrunResim/ana/3D8F62A0-F6AB-4797-B77C-C3BD36223588.jpg
spor_outdoor,Shape Food By Dr.Aktasnutri Çilekli Öğün,"1600,00 TL",https://www.trendurunlermarket.com/shape-food-by-dr-aktasnutri-cilekli-ogun-tozu-dez-shapefood-TKU1520732/,https://image.monimore.com/UrunResim/ana/FDFF9039-DF47-43A3-800E-805405BDF1FF.jpg
spor_outdoor,Balen Çörekotu Yağı Yumuşak Kapsül - 80,"440,00 TL",https://www.trendurunlermarket.com/balen-corekotu-yagi-yumusak-kapsul---80-kapsul-TKU951985/,https://image.monimore.com/UrunResim/ana/14B0F8F5-185B-4C56-B8B9-16C8257C347D.jpg
hobi_kitap,Sağlık Ve Sağaltım Için Yiyecekler,"299,00 TL",https://www.trendurunlermarket.com/saglik-ve-sagaltim-icin-yiyecekler-TKU1474442/,https://image.monimore.com/UrunResim/ana/2BBE3C6C-286A-4AEA-B74B-3E1F1EE1A9F6.jpg
hobi_kitap,Paletli Ekskavatör,"5000,00 TL",https://www.trendurunlermarket.com/paletli-ekskavator-TKU1439934/,https://image.monimore.com/UrunResim/ana/7334B1D8-42EB-49E8-9942-04875BB9B824.jpg
hobi_kitap,Amigurumi Sarı Cıvcıv Oyuncak  El Örgüsü,"700,00 TL",https://www.trendurunlermarket.com/amigurumi-sari-civciv-oyuncak--el-orgusu-TKU981872/,https://image.monimore.com/UrunResim/ana/1CC740DD-BE64-43E2-90EA-B822FF7A90C9.jpg
hobi_kitap,Toprak Silindiri,"5000,00 TL",https://www.trendurunlermarket.com/toprak-silindiri-TKU1439935/,https://image.monimore.com/UrunResim/ana/07B0875F-A011-4A03-B397-9A4BC69D6B40.jpg
hobi_kitap,Almanca A1-A2-B1-B2,"24000,00 TL",https://www.trendurunlermarket.com/almanca-a1-a2-b1-b2-TKU887747/,https://image.monimore.com/UrunResim/ana/B163D39A-F4B5-4A99-BBB0-DE112944A7CA.jpg
hobi_kitap,Nako Vizon Örgü İpi Color 214 (Hobi) Tuh,"126,50 TL",https://www.trendurunlermarket.com/nako-vizon-orgu-ipi-color-214-hobi-tuhfetower-TKU901380/,https://image.monimore.com/UrunResim/ana/773D59E3-9FAF-42D8-91CD-7673847E713C.jpg
hobi_kitap,Freud Öğretileri,"249,00 TL",https://www.trendurunlermarket.com/freud-ogretileri-TKU1474536/,https://image.monimore.com/UrunResim/ana/64F781F7-0489-4A28-A13F-7E864B73B75D.jpg
hobi_kitap,Ruhzen Enerji Aktivasyonu Ruhzen Tarot K,"14700,00 TL",https://www.trendurunlermarket.com/ruhzen-enerji-aktivasyonu-ruhzen-tarot-kartlari-–-enerji-uyumlama--bilincalti-donusum-seti-TKU1555799/,https://image.monimore.com/UrunResim/ana/05DC499A-A769-49FD-ADAF-FE39F17C05E2.jpg
hobi_kitap,Amigurumi Pembe Penguen Oyuncak El Örgü,"499,00 TL",https://www.trendurunlermarket.com/amigurumi-pembe-penguen-oyuncak-el-orgu-TKU981874/,https://image.monimore.com/UrunResim/ana/95329104-72C0-4B5E-8140-1DC95D355B8C.jpg
hobi_kitap,Rus Edebiyatı Klasikleri Seti (20 Kitap),"599,00 TL",https://www.trendurunlermarket.com/rus-edebiyati-klasikleri-seti-20-kitap-TKU1474390/,https://image.monimore.com/UrunResim/ana/5945178A-8FD1-4224-94A5-998E28D7972A.jpg
hobi_kitap,Ruhzen Enerji Aktivasyonu Tarot Kartları,"2400,00 TL",https://www.trendurunlermarket.com/ruhzen-enerji-aktivasyonu-tarot-kartlari-TKU1555813/,https://image.monimore.com/UrunResim/ana/C967DE9E-0183-4FBF-8E6F-B8633E362BDC.jpg
hobi_kitap,Amigurumi Zürafa Oyuncak El Örgü,"700,00 TL",https://www.trendurunlermarket.com/amigurumi-zurafa-oyuncak-el-orgu-TKU981873/,https://image.monimore.com/UrunResim/ana/B0AADA07-E97B-4FA1-85E2-3A43FD2EE703.jpg
hobi_kitap,Bonbon Kristal Örgü İpi Color 98871 (Hob,"499,00 TL",https://www.trendurunlermarket.com/bonbon-kristal-orgu-ipi-color-98871-hobi-tuhfetower-TKU901487/,https://image.monimore.com/UrunResim/ana/0056D6C1-E05C-442F-99DF-A7C5A4719153.jpg
hobi_kitap,Stefan Zweig Seti (12 Kitap),"699,00 TL",https://www.trendurunlermarket.com/stefan-zweig-seti-12-kitap-TKU1474403/,https://image.monimore.com/UrunResim/ana/A59494AA-B9D3-4A97-92B9-31C887C218B7.jpg
hobi_kitap,Hayat Defteri (Roman) - Muazaffer Beken-,"16,00 TL",https://www.trendurunlermarket.com/roman/arsiv-reklam/hayat-defteri-roman---muazaffer-beken--etki-yayinlari-TKU41188/,https://image.monimore.com/UrunResim/ana/E48C6B9E-7AEE-4531-A83A-4CA00E667A28.jpg
hobi_kitap,Adolf Hitler - Gandhi - Tolstoy,"399,00 TL",https://www.trendurunlermarket.com/adolf-hitler---gandhi---tolstoy-TKU1474516/,https://image.monimore.com/UrunResim/ana/304821A2-E0B8-4C3C-AFE6-FDAFBB4129C7.jpg
hobi_kitap,Aşkın Ve Sevginin Ekonomi Politiği - Mua,"14,90 TL",https://www.trendurunlermarket.com/arastirma--inceleme/arsiv-reklam/askin-ve-sevginin-ekonomi-politigi---muazffer-beken---kibele-yayinlari-TKU41186/,https://image.monimore.com/UrunResim/ana/54D895EA-2765-488C-90F2-FB33FC5385FC.jpg
hobi_kitap,Ayten Altıntaş Kil Tarihi Kitabı,"130,00 TL",https://www.trendurunlermarket.com/ayten-altintas-kil-tarihi-kitabi--TKU1317979/,https://image.monimore.com/UrunResim/ana/FA849A0E-CD0C-46BF-A9DD-E1870C693780.jpg
hobi_kitap,Alize Örgü İpi Şekerim Junıor Color 3423,"585,00 TL",https://www.trendurunlermarket.com/alize-orgu-ipi-sekerim-junior-color-3423-hobi-tuhfetower-TKU901342/,https://image.monimore.com/UrunResim/ana/8CF301CF-06CD-4382-B2AC-4B7C6625A782.jpg
hobi_kitap,Salyangoz Çocuk Ressam Seti - 30 X 40 Cm,"350,00 TL",https://www.trendurunlermarket.com/salyangoz-cocuk-ressam-seti---30-x-40-cm-on-cizimli-tuval-2-adet-firca-palet-boyalar-ve-sovale--TKU1030134/,https://image.monimore.com/UrunResim/ana/6E303F50-29DD-462F-B01F-94F67F8E2C73.jpg
otomotiv,Her Arabada Bulunması Gereken Tamirci Fe,"293,02 TL",https://www.trendurunlermarket.com/her-arabada-bulunmasi-gereken-tamirci-feneri-TKU1471649/,https://image.monimore.com/UrunResim/ana/BFF93D32-38D9-428B-86B9-A44A6B4D21B8.jpg
otomotiv,"4'Lü Tozluk, Çamurluk, Paçalık","400,00 TL",https://www.trendurunlermarket.com/4lu-tozluk-camurluk-pacalik-TKU1558007/,https://image.monimore.com/UrunResim/ana/94EF0514-139A-44BB-9FCB-795612ABD975.jpg
otomotiv,Izgaralı Kare Bakalit Küllük (4172),"92,51 TL",https://www.trendurunlermarket.com/izgarali-kare-bakalit-kulluk-4172-TKU1280026/,https://image.monimore.com/UrunResim/ana/CF84BE61-3669-47BC-9957-D0AEB1059886.jpg
otomotiv,Araç İçi Klima Izgarasına Takılabilen Pl,"88,20 TL",https://www.trendurunlermarket.com/arac-ici-klima-izgarasina-takilabilen-plastik-oto-telefon-tutucu-gravity-4172-TKU1278639/,https://image.monimore.com/UrunResim/ana/49E51A24-7A8C-4B2A-AD80-A17263C29C0F.jpg
otomotiv,Bisiklet Ve Motor İçin Branda:  Miflonlu,"350,00 TL",https://www.trendurunlermarket.com/bisiklet-ve-motor-icin-branda--miflonlu-premium-4-mevsim-koruma-TKU1558005/,https://image.monimore.com/UrunResim/ana/B995038C-36E9-4056-B6B4-683D2508302C.jpg
otomotiv,Oto Ritim Özel Yeni Sticker 2 Adet 20*9,"210,00 TL",https://www.trendurunlermarket.com/oto-ritim-ozel-yeni-sticker-2-adet-20-9-cm-TKU1558006/,https://image.monimore.com/UrunResim/ana/3DF336F4-0F19-4C3A-9856-8F4A87C47B70.jpg
otomotiv,Mıtsubıshı Colt Ekranlı 2004-2013Torpido,"900,00 TL",https://www.trendurunlermarket.com/mitsubishi-colt-ekranli-2004-2013torpido-koruma-halisi-bej-kenar-TKU1533916/,https://image.monimore.com/UrunResim/ana/7A3E97C0-BC2E-482C-8F5A-95D829B470DA.jpg
otomotiv,Motor İçin 2 Kesikli Gümüş Gri Renk Stic,"300,00 TL",https://www.trendurunlermarket.com/motor-icin-2-kesikli-gumus-gri-renk-sticker-modeli-TKU1558004/,https://image.monimore.com/UrunResim/ana/C13817AF-AADD-4EF1-A223-8D56C73CC6B4.jpg
otomotiv,Skoda Octavia 2013-2020 Premium Havuzlu,"1750,00 TL",https://www.trendurunlermarket.com/skoda-octavia-2013-2020-premium-havuzlu-oto-paspas-TKU1534287/,https://image.monimore.com/UrunResim/ana/1E4BF83F-160E-4F00-86C1-81AA673FCCAE.jpg
otomotiv,Fiat 500L 4'Lü Tozluk Çamurluk Paçalık,"350,00 TL",https://www.trendurunlermarket.com/fiat-500l-4lu-tozluk-camurluk-pacalik-TKU1536993/,https://image.monimore.com/UrunResim/ana/F4C06AF2-97AA-4313-A065-22F976D2350E.jpg
otomotiv,Volkswagen Golf2 Golf3 Vento Polo Clasik,"1275,00 TL",https://www.trendurunlermarket.com/volkswagen-golf2-golf3-vento-polo-clasik-8-parca-vites-tamir-takimi-TKU1184469/,https://image.monimore.com/UrunResim/ana/FA9E9794-4503-4835-990B-7E5866F66E83.jpg
otomotiv,Masa Üstü Tablet Ve Telefon Tutucu Plast,"175,43 TL",https://www.trendurunlermarket.com/masa-ustu-tablet-ve-telefon-tutucu-plastik-aparat-siyah-telefon-standi-4172-TKU1279143/,https://image.monimore.com/UrunResim/ana/51751A10-B094-4666-A8F1-BE7BBBC3428D.jpg
otomotiv,Oto Ön Cam Oto Özel Yeni Sticker Karbon,"250,00 TL",https://www.trendurunlermarket.com/oto-on-cam-oto-ozel-yeni-sticker-karbon-TKU1558003/,https://image.monimore.com/UrunResim/ana/D005F876-2180-44EE-AB2F-B3F251579EF0.jpg
otomotiv,Aborn Araç İçi Hava Temizlayici,"550,00 TL",https://www.trendurunlermarket.com/aborn-arac-ici-hava-temizlayici-TKU888521/,https://image.monimore.com/UrunResim/ana/CDBE984F-4590-48E5-8F26-6F84966882CC.jpg
otomotiv,55+10 Litre Körüklü Dağcı Deprem Sırt Ça,"599,00 TL",https://www.trendurunlermarket.com/5510-litre-koruklu-dagci-deprem-sirt-cantasi-su-gecirmez-cok-gozlu-okul-kampci-seyahat-dagci-siyah-TKU1452745/,https://image.monimore.com/UrunResim/ana/7F9CCFEB-D747-4C4A-941E-FE4955C6CB6C.jpg
otomotiv,Torpido Koruma Halısı Gri Kenar,"790,00 TL",https://www.trendurunlermarket.com/torpido-koruma-halisi-gri-kenar-TKU1558001/,https://image.monimore.com/UrunResim/ana/0283B266-E9DD-4D85-9EDD-E22DB6A9136B.jpg
otomotiv,360 Derece Dönen Tüm Telefon Tipleri İle,"245,70 TL",https://www.trendurunlermarket.com/360-derece-donen-tum-telefon-tipleri-ile-uyumlu-metal-telefon-standi-braket-4172-TKU1278663/,https://image.monimore.com/UrunResim/ana/66550245-D803-4330-94D2-B105C3FAE510.jpg
otomotiv,Masa Üstü Tablet Ve Telefon Tutucu Plast,"175,43 TL",https://www.trendurunlermarket.com/masa-ustu-tablet-ve-telefon-tutucu-plastik-aparat-turuncu-telefon-standi-4172-TKU1279133/,https://image.monimore.com/UrunResim/ana/95D12540-DEC5-4D81-BA71-941DFEACA106.jpg
otomotiv,Trax Buz Kazıyıcı Kar Temizleyici,"15,80 TL",https://www.trendurunlermarket.com/cam-temizleyici--koruyucu/trax/trax-buz-kaziyici-kar-temizleyici-TKU890089/,https://image.monimore.com/UrunResim/ana/C9061F96-4795-441F-8340-1F7E852D3F66.jpg
otomotiv,Partikül Temizleyici,"900,00 TL",https://www.trendurunlermarket.com/partikul-temizleyici-TKU1567175/,https://image.monimore.com/UrunResim/ana/7EDF01B8-932A-42BA-BA45-4725ABA1C565.jpg
